"","subid","condition","trial.num","item","sent.type","truth","resp","agegroup"
"1","021615-02","target",5,"boat","negative","True",1,"4"
"2","021615-02","target",13,"cookie","negative","False",1,"4"
"3","021615-02","target",12,"bus","negative","True",1,"4"
"4","021615-02","target",7,"truck","negative","True",1,"4"
"5","021615-02","target",16,"banana","negative","True",1,"4"
"6","021615-02","target",4,"fork","positive","True",5,"4"
"7","021615-02","target",2,"plate","positive","True",5,"4"
"8","021615-02","target",1,"orange","positive","True",4,"4"
"9","021615-02","target",6,"apple","positive","True",5,"4"
"10","021615-02","target",11,"bowl","negative","True",1,"4"
"11","021615-02","target",14,"spoon","negative","True",1,"4"
"12","021615-02","target",9,"cat","positive","False",1,"4"
"13","021615-02","target",8,"dog","positive","False",1,"4"
"14","021615-02","target",15,"cow","negative","True",1,"4"
"15","021615-02","target",3,"car","negative","True",1,"4"
"16","021615-02","target",10,"horse","negative","False",1,"4"
"17","021615-04","target",2,"boat","negative","True",5,"3"
"18","021615-04","target",5,"cow","negative","True",5,"3"
"19","021615-04","target",10,"dog","positive","True",5,"3"
"20","021615-04","target",3,"car","positive","True",5,"3"
"21","021615-04","target",15,"horse","positive","True",5,"3"
"22","021615-04","target",4,"spoon","negative","True",5,"3"
"23","021615-04","target",8,"cat","negative","True",5,"3"
"24","021615-04","target",6,"bus","negative","True",5,"3"
"25","021615-04","target",14,"orange","negative","True",2,"3"
"26","021615-04","target",9,"bowl","negative","False",2,"3"
"27","021615-04","target",1,"plate","negative","True",5,"3"
"28","021615-04","target",11,"apple","negative","False",2,"3"
"29","021615-04","target",12,"truck","negative","True",5,"3"
"30","021615-04","target",16,"banana","positive","False",2,"3"
"31","021615-04","target",7,"cookie","positive","True",5,"3"
"32","021615-04","target",13,"fork","positive","False",2,"3"
"33","021615-05","none",2,"bowl","negative","True",5,"3"
"34","021615-05","none",1,"cat","negative","False",5,"3"
"35","021615-06","none",6,"bus","negative","True",1,"3"
"36","021615-06","none",12,"cow","positive","True",5,"3"
"37","021615-06","none",11,"apple","positive","False",5,"3"
"38","021615-06","none",9,"car","negative","True",1,"3"
"39","021615-06","none",7,"plate","negative","True",3,"3"
"40","021615-06","none",13,"boat","positive","False",3,"3"
"41","021615-06","none",8,"spoon","negative","False",1,"3"
"42","021615-06","none",5,"bowl","positive","True",5,"3"
"43","021615-06","none",3,"banana","positive","True",5,"3"
"44","021615-06","none",10,"truck","positive","True",5,"3"
"45","021615-06","none",14,"cat","negative","True",3,"3"
"46","021615-06","none",1,"horse","negative","True",1,"3"
"47","021615-06","none",2,"cookie","negative","False",1,"3"
"48","021615-06","none",16,"orange","negative","True",2,"3"
"49","021615-06","none",4,"dog","negative","True",1,"3"
"50","021615-06","none",15,"fork","negative","True",2,"3"
"51","021615-07","target",16,"car","negative","False",1,"3"
"52","021615-07","target",7,"plate","negative","True",1,"3"
"53","021615-07","target",8,"fork","negative","True",1,"3"
"54","021615-07","target",10,"truck","positive","True",1,"3"
"55","021615-07","target",9,"orange","negative","True",1,"3"
"56","021615-07","target",11,"cat","negative","True",1,"3"
"57","021615-07","target",5,"bus","negative","False",1,"3"
"58","021615-07","target",6,"bowl","positive","True",1,"3"
"59","021615-07","target",14,"cookie","positive","True",1,"3"
"60","021615-07","target",4,"horse","positive","False",1,"3"
"61","021615-07","target",15,"cow","negative","True",1,"3"
"62","021615-07","target",13,"apple","negative","True",1,"3"
"63","021615-07","target",12,"dog","negative","True",1,"3"
"64","021615-07","target",2,"boat","positive","False",1,"3"
"65","021615-07","target",1,"spoon","positive","True",5,"3"
"66","021615-07","target",3,"banana","negative","True",1,"3"
"67","021615-09","target",15,"fork","positive","True",4,"3"
"68","021615-09","target",3,"bowl","negative","True",2,"3"
"69","021615-09","target",1,"bus","negative","False",1,"3"
"70","021615-09","target",6,"boat","negative","True",4,"3"
"71","021615-09","target",2,"dog","negative","True",2,"3"
"72","021615-09","target",8,"orange","positive","True",4,"3"
"73","021615-09","target",13,"cow","negative","True",5,"3"
"74","021615-09","target",11,"cookie","negative","True",4,"3"
"75","021615-09","target",4,"car","negative","True",1,"3"
"76","021615-09","target",16,"cat","negative","True",4,"3"
"77","021615-09","target",5,"banana","positive","True",5,"3"
"78","021615-09","target",10,"spoon","positive","False",2,"3"
"79","021615-09","target",7,"plate","negative","True",4,"3"
"80","021615-09","target",14,"apple","negative","False",4,"3"
"81","021615-09","target",12,"truck","positive","True",5,"3"
"82","021615-09","target",9,"horse","positive","False",1,"3"
"83","021615-10","none",11,"truck","positive","True",5,"4"
"84","021615-10","none",10,"banana","negative","True",1,"4"
"85","021615-10","none",1,"car","positive","True",5,"4"
"86","021615-10","none",4,"fork","positive","True",5,"4"
"87","021615-10","none",5,"apple","negative","True",1,"4"
"88","021615-10","none",2,"bus","negative","False",1,"4"
"89","021615-10","none",7,"orange","negative","True",1,"4"
"90","021615-10","none",8,"spoon","negative","True",1,"4"
"91","021615-10","none",3,"horse","negative","True",1,"4"
"92","021615-10","none",9,"dog","positive","True",5,"4"
"93","021615-10","none",12,"cat","negative","False",1,"4"
"94","021615-10","none",13,"cow","positive","False",1,"4"
"95","021615-10","none",15,"plate","negative","True",1,"4"
"96","021615-10","none",16,"cookie","negative","True",1,"4"
"97","021615-10","none",6,"bowl","positive","False",1,"4"
"98","021615-10","none",14,"boat","negative","True",1,"4"
"99","021615-12","target",3,"cookie","negative","True",5,"4"
"100","021615-12","target",16,"apple","negative","True",5,"4"
"101","021615-12","target",10,"fork","positive","True",5,"4"
"102","021615-12","target",15,"cat","positive","False",1,"4"
"103","021615-12","target",1,"cow","negative","True",5,"4"
"104","021615-12","target",9,"truck","positive","True",5,"4"
"105","021615-12","target",7,"bus","negative","True",5,"4"
"106","021615-12","target",8,"car","negative","False",1,"4"
"107","021615-12","target",4,"horse","positive","True",5,"4"
"108","021615-12","target",6,"banana","positive","False",1,"4"
"109","021615-12","target",5,"spoon","negative","True",5,"4"
"110","021615-12","target",14,"plate","negative","True",5,"4"
"111","021615-12","target",11,"dog","negative","False",1,"4"
"112","021615-12","target",12,"orange","positive","True",5,"4"
"113","021615-12","target",2,"boat","negative","True",5,"4"
"114","021615-12","target",13,"bowl","negative","True",5,"4"
"115","021615-14","target",12,"horse","negative","True",5,"3"
"116","021615-14","target",1,"plate","negative","False",1,"3"
"117","021615-14","target",2,"fork","positive","False",1,"3"
"118","021615-14","target",4,"apple","negative","True",5,"3"
"119","021615-14","target",13,"cow","positive","True",5,"3"
"120","021615-14","target",3,"cat","negative","True",1,"3"
"121","021615-14","target",11,"banana","negative","True",5,"3"
"122","021615-14","target",9,"orange","positive","True",5,"3"
"123","021615-14","target",5,"boat","negative","True",1,"3"
"124","021615-14","target",6,"bus","negative","True",5,"3"
"125","021615-14","target",7,"truck","positive","False",1,"3"
"126","021615-14","target",8,"bowl","negative","True",5,"3"
"127","021615-14","target",10,"dog","positive","True",5,"3"
"128","021615-14","target",16,"cookie","positive","True",5,"3"
"129","021615-14","target",14,"car","negative","False",1,"3"
"130","021615-14","target",15,"spoon","negative","True",5,"3"
"131","021615-15","target",4,"boat","negative","True",3,"3"
"132","021615-15","target",2,"banana","negative","True",3,"3"
"133","021615-15","target",3,"horse","negative","True",3,"3"
"134","021615-15","target",7,"bus","negative","True",3,"3"
"135","021615-15","target",6,"bowl","positive","True",3,"3"
"136","021615-15","target",1,"fork","positive","True",3,"3"
"137","021615-15","target",5,"cow","negative","True",3,"3"
"138","022715-03","none",4,"plate","negative","True",4,"4"
"139","022715-03","none",10,"fork","negative","True",1,"4"
"140","022715-03","none",9,"bus","positive","True",5,"4"
"141","022715-03","none",3,"boat","positive","False",2,"4"
"142","022715-03","none",16,"truck","negative","True",2,"4"
"143","022715-03","none",2,"cat","negative","True",1,"4"
"144","022715-03","none",1,"cookie","negative","True",1,"4"
"145","022715-03","none",14,"horse","positive","True",5,"4"
"146","022715-03","none",5,"orange","positive","True",5,"4"
"147","022715-03","none",15,"cow","negative","True",1,"4"
"148","022715-03","none",13,"apple","negative","True",1,"4"
"149","022715-03","none",12,"spoon","positive","True",5,"4"
"150","022715-03","none",8,"banana","positive","False",1,"4"
"151","022715-03","none",6,"dog","negative","True",1,"4"
"152","022715-03","none",7,"bowl","negative","False",1,"4"
"153","022715-03","none",11,"car","negative","False",1,"4"
"154","022715-04","target",14,"truck","positive","True",2,"4"
"155","022715-04","target",7,"spoon","negative","True",2,"4"
"156","022715-04","target",8,"horse","positive","False",5,"4"
"157","022715-04","target",13,"bus","negative","True",5,"4"
"158","022715-04","target",2,"orange","negative","True",2,"4"
"159","022715-04","target",15,"cat","negative","True",5,"4"
"160","022715-04","target",6,"cookie","negative","True",2,"4"
"161","022715-04","target",16,"fork","negative","True",5,"4"
"162","022715-04","target",12,"dog","negative","False",1,"4"
"163","022715-04","target",10,"cow","positive","True",5,"4"
"164","022715-04","target",11,"apple","negative","True",1,"4"
"165","022715-04","target",9,"bowl","positive","False",1,"4"
"166","022715-04","target",4,"banana","positive","True",2,"4"
"167","022715-04","target",1,"car","negative","True",2,"4"
"168","022715-04","target",5,"plate","positive","True",4,"4"
"169","022715-04","target",3,"boat","negative","False",5,"4"
"170","022715-07","target",1,"dog","positive","True",2,"3"
"171","022715-07","target",13,"boat","negative","True",1,"3"
"172","022715-07","target",12,"orange","negative","True",1,"3"
"173","022715-07","target",3,"cookie","negative","True",4,"3"
"174","022715-07","target",6,"horse","negative","True",4,"3"
"175","022715-07","target",5,"cat","negative","False",2,"3"
"176","022715-07","target",10,"fork","negative","False",2,"3"
"177","022715-07","target",9,"plate","positive","True",1,"3"
"178","022715-07","target",11,"banana","positive","False",2,"3"
"179","022715-07","target",2,"apple","positive","False",2,"3"
"180","022715-07","target",14,"truck","negative","True",4,"3"
"181","022715-07","target",16,"cow","negative","True",2,"3"
"182","022715-07","target",4,"car","positive","True",2,"3"
"183","022715-07","target",15,"bowl","negative","True",2,"3"
"184","022715-07","target",8,"spoon","negative","True",2,"3"
"185","022715-07","target",7,"bus","positive","True",2,"3"
"186","022715-09","target",10,"orange","negative","True",3,"3"
"187","022715-09","target",12,"spoon","negative","True",2,"3"
"188","022715-09","target",9,"horse","positive","True",1,"3"
"189","022715-09","target",6,"cat","positive","True",3,"3"
"190","022715-09","target",5,"cookie","positive","False",5,"3"
"191","022715-09","target",4,"fork","negative","True",5,"3"
"192","022715-09","target",8,"banana","positive","True",4,"3"
"193","022715-09","target",7,"dog","negative","True",3,"3"
"194","022715-09","target",11,"bus","positive","True",5,"3"
"195","022715-09","target",2,"bowl","negative","True",5,"3"
"196","022715-09","target",1,"apple","negative","True",5,"3"
"197","030515-01","target",7,"car","negative","True",5,"4"
"198","030515-01","target",4,"truck","positive","True",5,"4"
"199","030515-01","target",8,"boat","negative","True",5,"4"
"200","030515-01","target",3,"fork","positive","False",1,"4"
"201","030515-01","target",1,"horse","negative","True",5,"4"
"202","030515-01","target",6,"bus","positive","True",5,"4"
"203","030515-01","target",2,"dog","negative","True",5,"4"
"204","030515-01","target",5,"cat","negative","False",1,"4"
"205","030515-02","none",9,"cat","positive","True",1,"4"
"206","030515-02","none",8,"banana","negative","True",1,"4"
"207","030515-02","none",4,"plate","positive","False",1,"4"
"208","030515-02","none",14,"cookie","negative","False",3,"4"
"209","030515-02","none",10,"apple","positive","False",1,"4"
"210","030515-02","none",7,"horse","negative","True",1,"4"
"211","030515-02","none",6,"cow","negative","True",1,"4"
"212","030515-02","none",2,"car","positive","True",5,"4"
"213","030515-02","none",16,"dog","negative","True",3,"4"
"214","030515-02","none",13,"orange","negative","True",1,"4"
"215","030515-02","none",5,"truck","negative","True",1,"4"
"216","030515-02","none",11,"fork","negative","False",3,"4"
"217","030515-02","none",12,"boat","positive","True",5,"4"
"218","030515-02","none",15,"bus","positive","True",5,"4"
"219","030515-02","none",1,"bowl","negative","True",1,"4"
"220","030515-02","none",3,"spoon","negative","True",1,"4"
"221","030515-04","none",10,"horse","positive","True",5,"4"
"222","030515-04","none",2,"cat","negative","True",3,"4"
"223","030515-04","none",11,"car","positive","True",5,"4"
"224","030515-04","none",6,"plate","negative","True",5,"4"
"225","030515-04","none",1,"fork","negative","True",3,"4"
"226","030515-04","none",13,"orange","positive","False",2,"4"
"227","030515-04","none",4,"boat","negative","True",3,"4"
"228","030515-04","none",12,"banana","negative","True",5,"4"
"229","030515-04","none",14,"bowl","negative","True",5,"4"
"230","030515-04","none",9,"spoon","negative","False",2,"4"
"231","030515-04","none",15,"cow","negative","False",2,"4"
"232","030515-04","none",5,"bus","positive","False",2,"4"
"233","030515-04","none",7,"cookie","positive","True",5,"4"
"234","030515-04","none",3,"apple","negative","True",3,"4"
"235","030515-04","none",16,"truck","negative","True",5,"4"
"236","030515-04","none",8,"dog","positive","True",5,"4"
"237","030515-05","target",9,"bus","negative","True",4,"3"
"238","030515-05","target",10,"truck","negative","True",3,"3"
"239","030515-05","target",8,"orange","negative","True",5,"3"
"240","030515-05","target",7,"spoon","positive","False",1,"3"
"241","030515-05","target",5,"fork","negative","True",5,"3"
"242","030515-05","target",16,"car","positive","True",3,"3"
"243","030515-05","target",4,"bowl","negative","True",5,"3"
"244","030515-05","target",6,"apple","positive","True",5,"3"
"245","030515-05","target",15,"dog","negative","True",1,"3"
"246","030515-05","target",12,"plate","negative","True",3,"3"
"247","030515-05","target",13,"banana","positive","True",3,"3"
"248","030515-05","target",3,"horse","negative","True",5,"3"
"249","030515-05","target",11,"cat","positive","True",5,"3"
"250","030515-05","target",1,"cow","negative","False",2,"3"
"251","030515-05","target",14,"boat","negative","False",3,"3"
"252","030515-05","target",2,"cookie","positive","False",1,"3"
"253","030515-06","none",16,"dog","negative","True",4,"4"
"254","030515-06","none",5,"plate","negative","False",2,"4"
"255","030515-06","none",1,"apple","positive","False",1,"4"
"256","030515-06","none",4,"orange","positive","True",5,"4"
"257","030515-06","none",12,"car","negative","True",5,"4"
"258","030515-06","none",6,"fork","negative","True",5,"4"
"259","030515-06","none",11,"spoon","positive","True",5,"4"
"260","030515-06","none",2,"cookie","positive","False",2,"4"
"261","030515-06","none",7,"truck","negative","True",5,"4"
"262","030515-06","none",3,"bus","negative","True",5,"4"
"263","030515-06","none",15,"cow","negative","True",3,"4"
"264","030515-06","none",9,"bowl","negative","True",5,"4"
"265","030515-06","none",10,"cat","positive","True",5,"4"
"266","030515-06","none",14,"boat","positive","True",5,"4"
"267","030515-06","none",8,"horse","negative","True",5,"4"
"268","030515-06","none",13,"banana","negative","False",2,"4"
"269","030515-08","none",15,"truck","negative","True",1,"4"
"270","030515-08","none",5,"car","positive","False",1,"4"
"271","030515-08","none",4,"fork","positive","True",2,"4"
"272","030515-08","none",3,"bowl","positive","True",3,"4"
"273","030515-08","none",13,"dog","positive","True",4,"4"
"274","030515-08","none",7,"bus","negative","True",1,"4"
"275","030515-08","none",16,"orange","positive","True",2,"4"
"276","030515-08","none",6,"boat","negative","True",5,"4"
"277","030515-08","none",2,"spoon","negative","False",4,"4"
"278","030515-08","none",14,"cookie","negative","True",5,"4"
"279","030515-08","none",10,"banana","negative","True",1,"4"
"280","030515-08","none",1,"horse","positive","False",1,"4"
"281","030515-08","none",9,"apple","negative","True",4,"4"
"282","030515-08","none",12,"cat","negative","False",2,"4"
"283","030515-08","none",8,"cow","negative","True",1,"4"
"284","030515-08","none",11,"plate","negative","True",4,"4"
"285","030615-01","none",12,"plate","negative","True",2,"3"
"286","030615-01","none",7,"bus","negative","True",1,"3"
"287","030615-01","none",6,"cow","positive","False",3,"3"
"288","030615-01","none",15,"cookie","negative","True",1,"3"
"289","030615-01","none",1,"boat","negative","True",1,"3"
"290","030615-01","none",11,"bowl","positive","False",3,"3"
"291","030615-01","none",9,"cat","negative","False",2,"3"
"292","030615-01","none",5,"car","negative","False",2,"3"
"293","030615-01","none",4,"truck","negative","True",1,"3"
"294","030615-01","none",10,"apple","negative","True",2,"3"
"295","030615-01","none",14,"fork","positive","True",5,"3"
"296","030615-01","none",13,"banana","positive","True",5,"3"
"297","030615-01","none",3,"orange","positive","True",5,"3"
"298","030615-01","none",16,"horse","negative","True",2,"3"
"299","030615-01","none",8,"spoon","positive","True",4,"3"
"300","030615-01","none",2,"dog","negative","True",1,"3"
"301","030615-02","target",5,"car","negative","False",1,"4"
"302","030615-02","target",13,"truck","positive","True",4,"4"
"303","030615-02","target",11,"spoon","negative","False",1,"4"
"304","030615-02","target",6,"orange","positive","False",1,"4"
"305","030615-02","target",14,"plate","negative","True",4,"4"
"306","030615-02","target",15,"horse","positive","True",4,"4"
"307","030615-02","target",4,"boat","negative","True",4,"4"
"308","030615-02","target",9,"dog","negative","True",4,"4"
"309","030615-02","target",3,"cat","positive","False",1,"4"
"310","030615-02","target",2,"bowl","negative","True",1,"4"
"311","030615-02","target",12,"bus","negative","True",4,"4"
"312","030615-02","target",1,"cow","negative","True",2,"4"
"313","030615-02","target",10,"fork","positive","True",4,"4"
"314","030615-02","target",8,"apple","negative","True",4,"4"
"315","030615-02","target",7,"banana","positive","True",4,"4"
"316","030615-02","target",16,"cookie","negative","True",1,"4"
"317","030615-03","none",9,"bowl","positive","True",5,"3"
"318","030615-03","none",8,"car","positive","True",5,"3"
"319","030615-03","none",11,"horse","negative","False",1,"3"
"320","030615-03","none",3,"boat","positive","False",2,"3"
"321","030615-03","none",16,"cookie","positive","False",1,"3"
"322","030615-03","none",1,"cat","positive","True",5,"3"
"323","030615-03","none",2,"banana","positive","True",5,"3"
"324","030615-03","none",15,"apple","negative","False",2,"3"
"325","030615-03","none",6,"bus","negative","True",4,"3"
"326","030615-03","none",4,"orange","negative","True",4,"3"
"327","030615-03","none",7,"fork","negative","True",4,"3"
"328","030615-03","none",5,"dog","negative","True",4,"3"
"329","030615-03","none",10,"truck","negative","True",4,"3"
"330","030615-03","none",12,"cow","negative","True",4,"3"
"331","030615-03","none",13,"spoon","negative","True",4,"3"
"332","030615-03","none",14,"plate","negative","True",3,"3"
"333","030615-04","target",6,"banana","negative","True",1,"3"
"334","030615-04","target",5,"orange","positive","False",5,"3"
"335","030615-04","target",2,"truck","positive","True",5,"3"
"336","030615-04","target",1,"plate","positive","False",1,"3"
"337","030615-04","target",3,"horse","negative","True",2,"3"
"338","030615-04","target",4,"dog","negative","True",2,"3"
"339","030615-05","target",10,"bowl","positive","False",2,"3"
"340","030615-05","target",8,"car","positive","True",4,"3"
"341","030615-05","target",6,"spoon","negative","False",4,"3"
"342","030615-05","target",11,"apple","negative","True",2,"3"
"343","030615-05","target",9,"banana","positive","False",2,"3"
"344","030615-05","target",12,"bus","positive","True",4,"3"
"345","030615-05","target",2,"cat","positive","True",4,"3"
"346","030615-05","target",5,"dog","negative","True",2,"3"
"347","030615-05","target",1,"horse","negative","True",2,"3"
"348","030615-05","target",7,"plate","negative","True",2,"3"
"349","030615-05","target",14,"cookie","negative","True",1,"3"
"350","030615-05","target",13,"cow","positive","True",5,"3"
"351","030615-05","target",3,"orange","negative","True",1,"3"
"352","030615-05","target",4,"boat","negative","False",4,"3"
"353","030615-05","target",16,"fork","negative","True",2,"3"
"354","030615-05","target",15,"truck","negative","True",2,"3"
"355","030615-06","none",4,"cat","positive","True",5,"4"
"356","030615-06","none",9,"spoon","positive","True",5,"4"
"357","030615-06","none",8,"bus","negative","False",2,"4"
"358","030615-06","none",5,"cookie","negative","True",5,"4"
"359","030615-06","none",6,"orange","negative","True",5,"4"
"360","030615-06","none",3,"cow","positive","False",1,"4"
"361","030615-06","none",7,"car","positive","True",5,"4"
"362","030615-06","none",10,"truck","negative","True",5,"4"
"363","030615-06","none",2,"apple","negative","True",1,"4"
"364","030615-06","none",16,"banana","negative","False",2,"4"
"365","030615-06","none",11,"boat","negative","True",5,"4"
"366","030615-06","none",15,"plate","negative","True",5,"4"
"367","030615-06","none",13,"horse","negative","True",5,"4"
"368","030615-06","none",14,"dog","positive","True",5,"4"
"369","030615-06","none",1,"bowl","negative","True",2,"4"
"370","030615-06","none",12,"fork","positive","False",2,"4"
"371","030615-08","target",6,"bowl","negative","True",1,"4"
"372","030615-08","target",1,"boat","positive","True",5,"4"
"373","030615-08","target",7,"dog","negative","True",1,"4"
"374","030615-08","target",2,"cookie","positive","True",5,"4"
"375","030615-08","target",8,"apple","negative","True",1,"4"
"376","030615-08","target",10,"plate","negative","True",1,"4"
"377","030615-08","target",5,"cat","positive","False",1,"4"
"378","030615-08","target",11,"horse","negative","False",2,"4"
"379","030615-08","target",9,"car","positive","True",5,"4"
"380","030615-08","target",4,"truck","positive","True",5,"4"
"381","030615-08","target",16,"cow","negative","True",2,"4"
"382","030615-08","target",14,"fork","negative","False",2,"4"
"383","030615-08","target",3,"bus","negative","True",1,"4"
"384","030615-08","target",15,"spoon","negative","True",2,"4"
"385","030615-08","target",13,"orange","negative","True",2,"4"
"386","030615-08","target",12,"banana","positive","False",1,"4"
"387","030815-01","none",8,"orange","negative","True",1,"4"
"388","030815-01","none",2,"banana","negative","True",1,"4"
"389","030815-01","none",6,"cat","negative","True",1,"4"
"390","030815-01","none",7,"bus","positive","True",5,"4"
"391","030815-01","none",16,"bowl","negative","True",1,"4"
"392","030815-01","none",3,"cookie","negative","True",1,"4"
"393","030815-01","none",9,"truck","negative","False",1,"4"
"394","030815-01","none",1,"boat","positive","True",5,"4"
"395","030815-01","none",10,"horse","negative","True",1,"4"
"396","030815-01","none",4,"plate","positive","False",1,"4"
"397","030815-01","none",5,"fork","negative","False",1,"4"
"398","030815-01","none",13,"car","negative","True",1,"4"
"399","030815-01","none",14,"apple","positive","True",5,"4"
"400","030815-01","none",15,"spoon","positive","True",5,"4"
"401","030815-01","none",11,"cow","negative","True",1,"4"
"402","030815-01","none",12,"dog","positive","False",1,"4"
"403","030815-03","target",3,"car","positive","True",5,"3"
"404","030815-03","target",1,"horse","negative","True",3,"3"
"405","030815-03","target",14,"banana","positive","True",5,"3"
"406","030815-03","target",8,"bus","negative","False",5,"3"
"407","030815-03","target",9,"bowl","negative","True",5,"3"
"408","030815-03","target",2,"fork","positive","True",5,"3"
"409","030815-03","target",12,"cat","negative","True",2,"3"
"410","030815-03","target",4,"orange","negative","True",5,"3"
"411","030815-03","target",13,"plate","positive","True",5,"3"
"412","030815-03","target",16,"dog","negative","True",5,"3"
"413","030815-03","target",6,"apple","negative","True",5,"3"
"414","030815-03","target",15,"cookie","negative","True",5,"3"
"415","030815-03","target",7,"spoon","negative","True",5,"3"
"416","030815-03","target",10,"truck","negative","False",4,"3"
"417","030815-03","target",11,"boat","positive","False",2,"3"
"418","030815-03","target",5,"cow","positive","False",5,"3"
"419","030815-04","target",16,"horse","negative","False",2,"4"
"420","030815-04","target",1,"bowl","positive","False",3,"4"
"421","030815-04","target",8,"car","negative","True",2,"4"
"422","030815-04","target",7,"dog","positive","True",5,"4"
"423","030815-04","target",15,"truck","negative","False",2,"4"
"424","030815-04","target",2,"bus","positive","True",5,"4"
"425","030815-04","target",14,"cat","negative","True",5,"4"
"426","030815-04","target",5,"plate","negative","True",3,"4"
"427","030815-04","target",6,"spoon","negative","True",5,"4"
"428","030815-04","target",9,"cow","negative","True",5,"4"
"429","030815-04","target",12,"orange","negative","True",2,"4"
"430","030815-04","target",13,"banana","negative","True",2,"4"
"431","030815-04","target",11,"apple","negative","True",2,"4"
"432","030815-04","target",3,"boat","positive","True",4,"4"
"433","030815-04","target",4,"cookie","positive","False",3,"4"
"434","030815-04","target",10,"fork","positive","True",2,"4"
"435","030815-05","target",12,"cookie","negative","True",5,"4"
"436","030815-05","target",15,"truck","negative","True",5,"4"
"437","030815-05","target",1,"dog","positive","False",2,"4"
"438","030815-05","target",2,"bowl","negative","True",5,"4"
"439","030815-05","target",10,"plate","negative","True",5,"4"
"440","030815-05","target",6,"car","negative","True",5,"4"
"441","030815-05","target",9,"cat","negative","False",2,"4"
"442","030815-05","target",13,"horse","negative","True",5,"4"
"443","030815-05","target",14,"apple","negative","True",5,"4"
"444","030815-05","target",11,"spoon","positive","True",5,"4"
"445","030815-05","target",7,"bus","negative","True",5,"4"
"446","030815-05","target",5,"fork","negative","False",2,"4"
"447","030815-05","target",8,"cow","positive","False",2,"4"
"448","030815-05","target",3,"banana","positive","True",5,"4"
"449","030815-05","target",4,"boat","positive","True",5,"4"
"450","030815-05","target",16,"orange","positive","True",5,"4"
"451","030815-06","none",9,"bowl","positive","True",5,"3"
"452","030815-06","none",15,"orange","negative","True",3,"3"
"453","030815-06","none",10,"bus","negative","True",3,"3"
"454","030815-06","none",7,"spoon","negative","True",3,"3"
"455","030815-06","none",16,"cow","negative","True",3,"3"
"456","030815-06","none",8,"horse","negative","True",3,"3"
"457","030815-06","none",3,"dog","negative","False",3,"3"
"458","030815-06","none",4,"plate","negative","True",3,"3"
"459","030815-06","none",11,"fork","negative","False",3,"3"
"460","030815-06","none",2,"cookie","negative","True",3,"3"
"461","030815-06","none",13,"cat","positive","True",5,"3"
"462","030815-06","none",1,"boat","positive","True",5,"3"
"463","030815-06","none",14,"banana","positive","False",2,"3"
"464","030815-06","none",5,"apple","negative","True",3,"3"
"465","030815-06","none",6,"truck","positive","False",2,"3"
"466","030815-06","none",12,"car","positive","True",5,"3"
"467","030815-07","target",2,"orange","positive","False",2,"4"
"468","030815-07","target",14,"spoon","negative","False",3,"4"
"469","030815-07","target",3,"boat","negative","True",3,"4"
"470","030815-07","target",8,"banana","positive","True",4,"4"
"471","030815-07","target",6,"cookie","positive","True",4,"4"
"472","030815-07","target",9,"horse","positive","True",5,"4"
"473","030815-07","target",5,"plate","negative","True",3,"4"
"474","030815-07","target",4,"bowl","negative","True",3,"4"
"475","030815-07","target",16,"car","negative","True",3,"4"
"476","030815-07","target",1,"cow","positive","False",1,"4"
"477","030815-07","target",15,"dog","positive","True",2,"4"
"478","030815-07","target",10,"cat","negative","True",3,"4"
"479","030815-07","target",11,"fork","negative","False",1,"4"
"480","030815-07","target",12,"apple","negative","True",3,"4"
"481","030815-07","target",13,"truck","negative","True",3,"4"
"482","030815-07","target",7,"bus","negative","True",3,"4"
"483","030815-10","none",2,"apple","negative","True",2,"4"
"484","030815-10","none",16,"horse","negative","True",2,"4"
"485","030815-10","none",1,"truck","negative","True",1,"4"
"486","030815-10","none",15,"cookie","negative","True",2,"4"
"487","030815-10","none",8,"cat","positive","True",4,"4"
"488","030815-10","none",3,"spoon","negative","True",2,"4"
"489","030815-10","none",10,"fork","negative","True",1,"4"
"490","030815-10","none",4,"bus","negative","True",2,"4"
"491","030815-10","none",11,"bowl","negative","False",1,"4"
"492","030815-10","none",6,"banana","positive","False",1,"4"
"493","030815-10","none",7,"plate","negative","True",1,"4"
"494","030815-10","none",9,"cow","positive","False",1,"4"
"495","030815-10","none",14,"orange","positive","True",5,"4"
"496","030815-10","none",12,"dog","negative","False",2,"4"
"497","030815-10","none",5,"car","positive","True",4,"4"
"498","030815-10","none",13,"boat","positive","True",5,"4"
"499","031215-03","target",1,"bowl","negative","False",2,"4"
"500","031215-03","target",2,"plate","negative","True",2,"4"
"501","031215-03","target",12,"spoon","positive","True",5,"4"
"502","031215-03","target",13,"truck","positive","True",5,"4"
"503","031215-03","target",11,"cookie","positive","True",5,"4"
"504","031215-03","target",9,"dog","positive","False",1,"4"
"505","031215-03","target",15,"fork","negative","True",5,"4"
"506","031215-03","target",16,"cat","negative","True",5,"4"
"507","031215-03","target",10,"banana","negative","False",1,"4"
"508","031215-03","target",8,"orange","negative","True",5,"4"
"509","031215-03","target",7,"car","negative","True",5,"4"
"510","031215-03","target",4,"boat","positive","True",5,"4"
"511","031215-03","target",3,"horse","negative","True",5,"4"
"512","031215-03","target",6,"bus","negative","True",5,"4"
"513","031215-03","target",5,"cow","positive","False",1,"4"
"514","031215-03","target",14,"apple","negative","True",5,"4"
"515","031215-04","none",8,"plate","positive","False",1,"4"
"516","031215-04","none",3,"car","negative","True",1,"4"
"517","031215-04","none",4,"truck","negative","True",1,"4"
"518","031215-04","none",7,"orange","negative","True",1,"4"
"519","031215-04","none",10,"boat","positive","True",5,"4"
"520","031215-04","none",15,"dog","negative","True",1,"4"
"521","031215-04","none",2,"bus","negative","True",1,"4"
"522","031215-04","none",16,"banana","positive","True",5,"4"
"523","031215-04","none",14,"fork","positive","True",5,"4"
"524","031215-04","none",9,"cookie","negative","True",1,"4"
"525","031215-04","none",6,"apple","negative","True",1,"4"
"526","031215-04","none",5,"spoon","negative","True",1,"4"
"527","031215-04","none",1,"cow","positive","False",1,"4"
"528","031215-04","none",13,"horse","negative","False",1,"4"
"529","031215-04","none",12,"bowl","positive","True",1,"4"
"530","031215-04","none",11,"cat","negative","False",1,"4"
"531","031315-01","none",3,"cow","negative","True",5,"3"
"532","031315-01","none",10,"apple","negative","False",1,"3"
"533","031315-01","none",2,"cat","negative","True",5,"3"
"534","031315-01","none",9,"fork","negative","True",5,"3"
"535","031315-01","none",7,"orange","negative","False",1,"3"
"536","031315-01","none",5,"bowl","positive","True",5,"3"
"537","031315-01","none",8,"banana","positive","True",5,"3"
"538","031315-01","none",11,"plate","positive","True",5,"3"
"539","031315-01","none",14,"boat","negative","True",5,"3"
"540","031315-01","none",1,"bus","positive","True",5,"3"
"541","031315-01","none",12,"spoon","positive","False",5,"3"
"542","031315-01","none",13,"horse","negative","True",5,"3"
"543","031315-01","none",6,"cookie","negative","True",1,"3"
"544","031315-01","none",15,"truck","negative","True",5,"3"
"545","031315-01","none",16,"car","negative","True",5,"3"
"546","031315-01","none",4,"dog","positive","False",1,"3"
"547","031315-03","none",5,"car","negative","True",1,"3"
"548","031315-03","none",6,"horse","positive","True",5,"3"
"549","031315-03","none",7,"apple","positive","False",1,"3"
"550","031315-03","none",15,"cow","positive","False",2,"3"
"551","031315-03","none",3,"boat","negative","True",1,"3"
"552","031315-03","none",4,"cat","negative","True",1,"3"
"553","031315-03","none",13,"truck","positive","True",5,"3"
"554","031315-03","none",10,"banana","negative","True",1,"3"
"555","031315-03","none",8,"cookie","negative","False",1,"3"
"556","031315-03","none",12,"plate","positive","True",5,"3"
"557","031315-03","none",16,"bus","negative","True",1,"3"
"558","031315-03","none",14,"spoon","negative","True",1,"3"
"559","031315-03","none",11,"bowl","negative","True",1,"3"
"560","031315-03","none",1,"dog","negative","True",1,"3"
"561","031315-03","none",2,"orange","negative","False",1,"3"
"562","031315-03","none",9,"fork","positive","True",5,"3"
"563","031315-04","target",15,"banana","positive","True",5,"4"
"564","031315-04","target",14,"orange","negative","True",5,"4"
"565","031315-04","target",3,"truck","positive","True",5,"4"
"566","031315-04","target",16,"cow","positive","False",5,"4"
"567","031315-04","target",10,"car","positive","True",2,"4"
"568","031315-04","target",6,"dog","positive","False",3,"4"
"569","031315-04","target",2,"bowl","negative","True",3,"4"
"570","031315-04","target",13,"apple","negative","True",5,"4"
"571","031315-04","target",8,"bus","positive","True",5,"4"
"572","031315-04","target",9,"cat","negative","True",5,"4"
"573","031315-04","target",4,"cookie","negative","True",5,"4"
"574","031315-04","target",12,"plate","negative","True",5,"4"
"575","031315-04","target",1,"spoon","negative","False",2,"4"
"576","031315-04","target",5,"horse","negative","True",5,"4"
"577","031315-04","target",7,"fork","negative","False",3,"4"
"578","031315-04","target",11,"boat","negative","True",5,"4"
"579","031315-05","none",13,"boat","negative","False",1,"4"
"580","031315-05","none",11,"fork","negative","True",1,"4"
"581","031315-05","none",16,"bowl","positive","True",5,"4"
"582","031315-05","none",1,"horse","negative","True",1,"4"
"583","031315-05","none",10,"plate","positive","True",5,"4"
"584","031315-05","none",12,"bus","negative","False",1,"4"
"585","031315-05","none",3,"cow","negative","True",1,"4"
"586","031315-05","none",15,"apple","negative","True",1,"4"
"587","031315-05","none",4,"banana","negative","True",1,"4"
"588","031315-05","none",7,"cookie","positive","False",1,"4"
"589","031315-05","none",6,"cat","negative","True",1,"4"
"590","031315-05","none",14,"orange","positive","True",5,"4"
"591","031315-05","none",8,"spoon","positive","False",1,"4"
"592","031315-05","none",9,"car","positive","True",5,"4"
"593","031315-05","none",5,"truck","negative","True",1,"4"
"594","031315-05","none",2,"dog","negative","True",1,"4"
"595","031515-01","target",11,"cat","negative","True",1,"4"
"596","031515-01","target",1,"cow","negative","False",1,"4"
"597","031515-01","target",10,"horse","positive","True",5,"4"
"598","031515-01","target",4,"cookie","positive","False",1,"4"
"599","031515-01","target",13,"dog","negative","True",5,"4"
"600","031515-01","target",5,"car","positive","True",5,"4"
"601","031515-01","target",9,"bus","negative","True",5,"4"
"602","031515-01","target",8,"banana","negative","True",5,"4"
"603","031515-01","target",3,"bowl","negative","True",5,"4"
"604","031515-01","target",16,"boat","positive","False",1,"4"
"605","031515-01","target",14,"apple","negative","True",5,"4"
"606","031515-01","target",2,"fork","negative","False",4,"4"
"607","031515-01","target",12,"truck","positive","True",5,"4"
"608","031515-01","target",7,"plate","negative","True",5,"4"
"609","031515-01","target",15,"spoon","negative","True",1,"4"
"610","031515-01","target",6,"orange","positive","True",5,"4"
"611","031515-02","none",6,"cow","negative","True",2,"3"
"612","031515-02","none",7,"boat","positive","True",5,"3"
"613","031515-02","none",10,"cookie","negative","True",2,"3"
"614","031515-02","none",8,"bus","positive","False",2,"3"
"615","031515-02","none",5,"car","negative","True",1,"3"
"616","031515-02","none",9,"bowl","positive","True",4,"3"
"617","031515-02","none",14,"truck","negative","False",1,"3"
"618","031515-02","none",11,"fork","negative","True",2,"3"
"619","031515-02","none",3,"banana","positive","False",2,"3"
"620","031515-02","none",2,"plate","negative","True",5,"3"
"621","031515-02","none",13,"cat","positive","True",1,"3"
"622","031515-02","none",1,"horse","negative","True",1,"3"
"623","031515-02","none",4,"dog","negative","False",1,"3"
"624","031515-02","none",12,"spoon","negative","True",2,"3"
"625","031515-02","none",15,"apple","negative","True",4,"3"
"626","031515-02","none",16,"orange","positive","True",4,"3"
"627","031515-03","target",3,"banana","positive","True",5,"4"
"628","031515-03","target",7,"fork","positive","False",1,"4"
"629","031515-03","target",16,"car","negative","True",5,"4"
"630","031515-03","target",6,"bus","positive","True",5,"4"
"631","031515-03","target",12,"apple","positive","False",1,"4"
"632","031515-03","target",2,"plate","negative","True",1,"4"
"633","031515-03","target",5,"dog","negative","False",1,"4"
"634","031515-03","target",11,"boat","negative","False",1,"4"
"635","031515-03","target",9,"cookie","negative","True",5,"4"
"636","031515-03","target",4,"cat","negative","True",5,"4"
"637","031515-03","target",1,"truck","negative","True",5,"4"
"638","031515-03","target",14,"bowl","positive","True",5,"4"
"639","031515-03","target",13,"spoon","positive","True",5,"4"
"640","031515-03","target",10,"horse","negative","True",5,"4"
"641","031515-03","target",8,"orange","negative","True",5,"4"
"642","031515-03","target",15,"cow","negative","True",5,"4"
"643","031515-04","none",2,"cat","positive","True",5,"4"
"644","031515-04","none",3,"bus","negative","True",3,"4"
"645","031515-04","none",15,"truck","negative","True",3,"4"
"646","031515-04","none",16,"car","positive","True",5,"4"
"647","031515-04","none",12,"boat","negative","False",5,"4"
"648","031515-04","none",8,"apple","positive","True",5,"4"
"649","031515-04","none",6,"dog","positive","False",1,"4"
"650","031515-04","none",14,"cookie","negative","True",3,"4"
"651","031515-04","none",5,"banana","negative","True",3,"4"
"652","031515-04","none",13,"plate","positive","False",1,"4"
"653","031515-04","none",9,"orange","negative","True",3,"4"
"654","031515-04","none",4,"horse","negative","True",3,"4"
"655","031515-04","none",1,"fork","negative","True",3,"4"
"656","031515-04","none",10,"cow","negative","False",5,"4"
"657","031515-04","none",11,"spoon","positive","True",5,"4"
"658","031515-04","none",7,"bowl","negative","True",3,"4"
"659","041315-01","none",5,"cookie","negative","True",3,"4"
"660","041315-01","none",4,"cow","positive","True",5,"4"
"661","041315-01","none",15,"truck","positive","True",5,"4"
"662","041315-01","none",2,"horse","negative","True",3,"4"
"663","041315-01","none",1,"cat","negative","True",3,"4"
"664","041315-01","none",12,"boat","negative","True",1,"4"
"665","041315-01","none",9,"car","positive","True",5,"4"
"666","041315-01","none",8,"spoon","positive","True",5,"4"
"667","041315-01","none",16,"fork","positive","False",1,"4"
"668","041315-01","none",3,"dog","negative","True",3,"4"
"669","041315-01","none",14,"banana","negative","True",3,"4"
"670","041315-01","none",11,"orange","negative","False",3,"4"
"671","041315-01","none",13,"apple","negative","False",3,"4"
"672","041315-01","none",7,"bowl","negative","True",3,"4"
"673","041315-01","none",6,"plate","positive","False",2,"4"
"674","041315-01","none",10,"bus","negative","True",3,"4"
"675","041315-03","none",2,"cookie","negative","True",5,"4"
"676","041315-03","none",5,"plate","negative","True",3,"4"
"677","041315-03","none",16,"spoon","negative","False",1,"4"
"678","041315-03","none",1,"boat","positive","False",1,"4"
"679","041315-03","none",11,"apple","positive","True",4,"4"
"680","041315-03","none",12,"truck","negative","False",1,"4"
"681","041315-03","none",4,"bowl","negative","True",5,"4"
"682","041315-03","none",3,"dog","negative","True",4,"4"
"683","041315-03","none",15,"car","negative","True",3,"4"
"684","041315-03","none",6,"cat","positive","True",5,"4"
"685","041315-03","none",7,"orange","negative","True",4,"4"
"686","041315-03","none",13,"fork","positive","True",4,"4"
"687","041315-03","none",14,"bus","negative","True",4,"4"
"688","041315-03","none",10,"horse","negative","True",5,"4"
"689","041315-03","none",9,"banana","positive","False",1,"4"
"690","041315-03","none",8,"cow","positive","True",4,"4"
"691","041315-05","target",5,"cat","positive","True",1,"3"
"692","041315-05","target",4,"cookie","negative","True",1,"3"
"693","041315-05","target",13,"spoon","negative","False",2,"3"
"694","041315-05","target",16,"horse","negative","True",2,"3"
"695","041315-05","target",3,"bus","negative","True",2,"3"
"696","041315-05","target",6,"orange","negative","True",2,"3"
"697","041315-05","target",7,"car","positive","False",1,"3"
"698","041315-05","target",12,"truck","negative","True",2,"3"
"699","041315-05","target",10,"bowl","negative","True",2,"3"
"700","041315-05","target",11,"plate","positive","True",4,"3"
"701","041315-05","target",1,"dog","positive","False",2,"3"
"702","041315-05","target",2,"apple","negative","False",2,"3"
"703","041315-05","target",15,"cow","negative","True",2,"3"
"704","041315-05","target",9,"boat","positive","True",4,"3"
"705","041315-05","target",14,"fork","positive","True",4,"3"
"706","041315-05","target",8,"banana","negative","True",2,"3"
"707","041315-06","none",3,"boat","positive","False",1,"3"
"708","041315-06","none",2,"cow","positive","False",1,"3"
"709","041315-06","none",14,"bowl","negative","True",5,"3"
"710","041315-06","none",5,"fork","negative","False",1,"3"
"711","041315-06","none",12,"bus","negative","True",5,"3"
"712","041315-06","none",4,"dog","negative","True",5,"3"
"713","041315-06","none",8,"plate","negative","True",5,"3"
"714","041315-06","none",9,"apple","positive","True",5,"3"
"715","041315-06","none",13,"banana","positive","True",5,"3"
"716","041315-06","none",7,"car","negative","True",5,"3"
"717","041315-06","none",1,"truck","negative","False",1,"3"
"718","041315-06","none",11,"horse","positive","True",5,"3"
"719","041315-06","none",6,"spoon","negative","True",5,"3"
"720","041315-06","none",15,"orange","negative","True",5,"3"
"721","041315-06","none",16,"cat","negative","True",5,"3"
"722","041315-06","none",10,"cookie","positive","True",5,"3"
"723","042415-01","target",10,"plate","negative","True",5,"4"
"724","042415-01","target",3,"cat","positive","True",5,"4"
"725","042415-01","target",4,"banana","negative","True",5,"4"
"726","042415-01","target",7,"apple","positive","True",5,"4"
"727","042415-01","target",9,"car","negative","True",5,"4"
"728","042415-01","target",13,"horse","negative","True",5,"4"
"729","042415-01","target",11,"cow","negative","True",5,"4"
"730","042415-01","target",8,"fork","positive","True",5,"4"
"731","042415-01","target",2,"truck","negative","True",5,"4"
"732","042415-01","target",6,"cookie","negative","False",1,"4"
"733","042415-01","target",14,"dog","positive","True",5,"4"
"734","042415-01","target",16,"boat","positive","False",1,"4"
"735","042415-01","target",5,"bowl","negative","True",5,"4"
"736","042415-01","target",1,"bus","positive","False",1,"4"
"737","042415-01","target",12,"spoon","negative","True",5,"4"
"738","042415-01","target",15,"orange","negative","False",1,"4"
"739","042415-02","target",6,"boat","negative","True",2,"3"
"740","042415-02","target",9,"apple","positive","True",5,"3"
"741","042415-02","target",5,"cat","positive","False",4,"3"
"742","042415-02","target",10,"cookie","positive","True",5,"3"
"743","042415-02","target",7,"banana","positive","True",4,"3"
"744","042415-02","target",8,"horse","positive","True",5,"3"
"745","042415-02","target",13,"dog","negative","False",2,"3"
"746","042415-02","target",14,"cow","negative","True",1,"3"
"747","042415-02","target",11,"spoon","negative","True",1,"3"
"748","042415-02","target",1,"orange","negative","True",2,"3"
"749","042415-02","target",2,"truck","negative","True",1,"3"
"750","042415-02","target",15,"bowl","negative","False",1,"3"
"751","042415-02","target",16,"bus","negative","True",4,"3"
"752","042415-02","target",4,"car","negative","True",4,"3"
"753","042415-02","target",12,"fork","negative","True",5,"3"
"754","042415-02","target",3,"plate","positive","False",1,"3"
"755","042415-03","target",4,"fork","negative","True",4,"3"
"756","042415-03","target",3,"apple","negative","True",5,"3"
"757","042415-03","target",1,"spoon","negative","True",5,"3"
"758","042415-03","target",2,"dog","negative","True",5,"3"
"759","042415-03","target",9,"plate","positive","True",5,"3"
"760","042415-03","target",11,"bus","negative","True",1,"3"
"761","042415-03","target",8,"cookie","negative","False",1,"3"
"762","042415-03","target",5,"orange","negative","True",5,"3"
"763","042415-03","target",6,"car","positive","True",5,"3"
"764","042415-03","target",10,"boat","negative","True",1,"3"
"765","042415-03","target",7,"horse","positive","True",5,"3"
"766","042415-05","target",13,"dog","negative","True",5,"3"
"767","042415-05","target",6,"spoon","positive","True",5,"3"
"768","042415-05","target",7,"horse","positive","False",1,"3"
"769","042415-05","target",12,"fork","negative","True",5,"3"
"770","042415-05","target",4,"bus","negative","True",5,"3"
"771","042415-05","target",5,"bowl","negative","True",5,"3"
"772","042415-05","target",9,"cat","negative","False",1,"3"
"773","042415-05","target",3,"cow","positive","True",5,"3"
"774","042415-05","target",1,"plate","positive","True",5,"3"
"775","042415-05","target",16,"banana","positive","True",5,"3"
"776","042415-05","target",2,"truck","negative","True",5,"3"
"777","042415-05","target",11,"car","negative","False",1,"3"
"778","042415-05","target",8,"cookie","negative","True",5,"3"
"779","042415-05","target",14,"boat","positive","False",1,"3"
"780","042415-05","target",15,"orange","negative","True",5,"3"
"781","042415-05","target",10,"apple","negative","True",5,"3"
"782","042415-06","target",3,"cow","negative","True",1,"4"
"783","042415-06","target",11,"bus","positive","True",5,"4"
"784","042415-06","target",4,"dog","negative","True",1,"4"
"785","042415-06","target",1,"plate","positive","True",5,"4"
"786","042415-06","target",2,"boat","negative","False",5,"4"
"787","042415-06","target",9,"orange","negative","True",1,"4"
"788","042415-06","target",13,"apple","positive","False",1,"4"
"789","042415-06","target",14,"cookie","negative","True",1,"4"
"790","042415-06","target",16,"horse","negative","False",5,"4"
"791","042415-06","target",10,"fork","negative","True",1,"4"
"792","042415-06","target",12,"bowl","positive","True",5,"4"
"793","042415-06","target",5,"car","positive","True",5,"4"
"794","042415-06","target",15,"cat","positive","False",1,"4"
"795","042415-06","target",8,"banana","negative","True",1,"4"
"796","042415-06","target",7,"spoon","negative","True",1,"4"
"797","042415-06","target",6,"truck","negative","True",1,"4"
"798","050115-04","none",8,"bowl","negative","True",4,"3"
"799","050115-04","none",1,"spoon","positive","False",1,"3"
"800","050115-04","none",7,"fork","negative","True",4,"3"
"801","050115-04","none",6,"truck","positive","True",4,"3"
"802","050115-04","none",11,"cow","positive","True",4,"3"
"803","050115-04","none",9,"horse","negative","True",4,"3"
"804","050115-04","none",2,"cat","negative","True",4,"3"
"805","050115-04","none",10,"banana","positive","True",4,"3"
"806","050115-04","none",15,"plate","negative","True",4,"3"
"807","050115-04","none",12,"bus","negative","True",4,"3"
"808","050115-04","none",5,"orange","negative","False",4,"3"
"809","050115-04","none",14,"boat","negative","True",4,"3"
"810","050115-04","none",3,"car","negative","False",5,"3"
"811","050115-04","none",13,"apple","positive","False",5,"3"
"812","050115-04","none",4,"dog","positive","True",3,"3"
"813","050115-04","none",16,"cookie","negative","True",5,"3"
"814","050115-05","none",5,"banana","negative","True",1,"4"
"815","050115-05","none",4,"fork","negative","True",1,"4"
"816","050115-05","none",10,"cookie","positive","True",5,"4"
"817","050115-05","none",16,"orange","negative","True",1,"4"
"818","050115-05","none",9,"cat","positive","True",5,"4"
"819","050115-05","none",14,"plate","negative","False",1,"4"
"820","050115-05","none",6,"horse","negative","True",1,"4"
"821","050115-05","none",7,"boat","positive","True",5,"4"
"822","050115-05","none",13,"dog","negative","True",1,"4"
"823","050115-05","none",8,"bus","negative","True",1,"4"
"824","050115-05","none",11,"truck","negative","True",1,"4"
"825","050115-05","none",12,"cow","positive","False",1,"4"
"826","050115-05","none",3,"bowl","negative","True",1,"4"
"827","050115-05","none",2,"car","negative","False",1,"4"
"828","050115-05","none",15,"apple","positive","True",5,"4"
"829","050115-05","none",1,"spoon","positive","False",1,"4"
"830","050115-07","target",14,"orange","positive","True",5,"4"
"831","050115-07","target",3,"cookie","positive","True",5,"4"
"832","050115-07","target",5,"bus","negative","False",1,"4"
"833","050115-07","target",15,"truck","positive","False",1,"4"
"834","050115-07","target",16,"car","negative","True",5,"4"
"835","050115-07","target",2,"plate","negative","True",5,"4"
"836","050115-07","target",9,"boat","negative","True",5,"4"
"837","050115-07","target",6,"spoon","negative","False",1,"4"
"838","050115-07","target",7,"cow","positive","False",1,"4"
"839","050115-07","target",8,"apple","negative","True",5,"4"
"840","050115-07","target",1,"cat","positive","True",5,"4"
"841","050115-07","target",12,"fork","positive","True",1,"4"
"842","050115-07","target",13,"dog","negative","True",5,"4"
"843","050115-07","target",4,"bowl","negative","True",5,"4"
"844","050115-07","target",11,"banana","negative","True",5,"4"
"845","050115-07","target",10,"horse","negative","True",5,"4"
"846","051515-02","none",12,"car","negative","True",2,"3"
"847","051515-02","none",2,"cow","negative","True",2,"3"
"848","051515-02","none",3,"spoon","negative","True",1,"3"
"849","051515-02","none",1,"boat","positive","True",4,"3"
"850","051515-02","none",6,"fork","positive","True",5,"3"
"851","051515-02","none",7,"bowl","positive","False",2,"3"
"852","051515-02","none",4,"horse","negative","True",1,"3"
"853","051515-02","none",5,"apple","negative","True",1,"3"
"854","051515-02","none",10,"bus","negative","False",2,"3"
"855","051515-02","none",11,"orange","negative","True",4,"3"
"856","051515-02","none",15,"plate","negative","True",2,"3"
"857","051515-02","none",16,"cat","negative","True",1,"3"
"858","051515-02","none",13,"cookie","positive","False",4,"3"
"859","051515-02","none",14,"banana","positive","True",2,"3"
"860","051515-02","none",8,"truck","negative","False",2,"3"
"861","051515-02","none",9,"dog","positive","True",5,"3"
"862","051515-03","target",3,"cat","positive","True",4,"3"
"863","051515-03","target",1,"spoon","negative","False",1,"3"
"864","051515-03","target",6,"horse","negative","True",4,"3"
"865","051515-03","target",4,"car","negative","True",5,"3"
"866","051515-03","target",2,"boat","negative","True",5,"3"
"867","051515-03","target",5,"cookie","negative","True",4,"3"
"868","051515-04","none",3,"car","positive","True",5,"4"
"869","051515-04","none",1,"cookie","negative","True",1,"4"
"870","051515-04","none",7,"banana","negative","False",1,"4"
"871","051515-04","none",4,"horse","negative","True",2,"4"
"872","051515-04","none",2,"cat","negative","True",2,"4"
"873","051515-04","none",6,"plate","positive","False",2,"4"
"874","051515-04","none",8,"boat","negative","True",1,"4"
"875","051515-04","none",5,"fork","positive","True",5,"4"
"876","051515-04","none",10,"truck","positive","True",5,"4"
"877","051515-04","none",9,"apple","negative","True",5,"4"
"878","051515-05","target",7,"truck","negative","True",5,"3"
"879","051515-05","target",15,"fork","positive","True",5,"3"
"880","051515-05","target",3,"bus","positive","False",1,"3"
"881","051515-05","target",5,"car","negative","False",1,"3"
"882","051515-05","target",6,"cow","positive","False",1,"3"
"883","051515-05","target",11,"orange","negative","True",5,"3"
"884","051515-05","target",8,"spoon","positive","True",5,"3"
"885","051515-05","target",9,"apple","positive","True",5,"3"
"886","051515-05","target",10,"cat","negative","True",5,"3"
"887","051515-05","target",1,"dog","negative","True",5,"3"
"888","051515-05","target",12,"boat","negative","True",5,"3"
"889","051515-05","target",13,"plate","negative","False",1,"3"
"890","051515-05","target",14,"banana","negative","True",5,"3"
"891","051515-05","target",16,"cookie","negative","True",5,"3"
"892","051515-05","target",4,"bowl","positive","True",5,"3"
"893","051515-05","target",2,"horse","negative","True",5,"3"
"894","051515-06","none",4,"truck","negative","True",5,"4"
"895","051515-06","none",2,"bus","negative","True",5,"4"
"896","051515-06","none",3,"horse","positive","True",5,"4"
"897","051515-06","none",16,"fork","negative","True",5,"4"
"898","051515-06","none",5,"car","negative","True",5,"4"
"899","051515-06","none",6,"bowl","positive","True",5,"4"
"900","051515-06","none",7,"boat","negative","True",5,"4"
"901","051515-06","none",8,"dog","positive","False",1,"4"
"902","051515-06","none",9,"plate","negative","True",5,"4"
"903","051515-06","none",10,"cow","negative","False",1,"4"
"904","051515-06","none",11,"spoon","negative","True",5,"4"
"905","051515-06","none",15,"cookie","positive","False",1,"4"
"906","051515-06","none",12,"cat","positive","True",5,"4"
"907","051515-06","none",1,"apple","positive","True",5,"4"
"908","051515-06","none",14,"orange","negative","True",5,"4"
"909","051515-06","none",13,"banana","negative","False",1,"4"
"910","060515-01","target",15,"orange","positive","True",5,"4"
"911","060515-01","target",1,"car","negative","True",4,"4"
"912","060515-01","target",16,"cow","negative","True",5,"4"
"913","060515-01","target",4,"fork","negative","True",5,"4"
"914","060515-01","target",5,"plate","positive","True",4,"4"
"915","060515-01","target",6,"boat","negative","False",1,"4"
"916","060515-01","target",3,"spoon","positive","True",4,"4"
"917","060515-01","target",8,"apple","positive","False",2,"4"
"918","060515-01","target",9,"cookie","negative","True",5,"4"
"919","060515-01","target",11,"banana","negative","False",5,"4"
"920","060515-01","target",7,"dog","positive","True",5,"4"
"921","060515-01","target",13,"cat","positive","False",1,"4"
"922","060515-01","target",14,"horse","negative","True",5,"4"
"923","060515-01","target",2,"truck","negative","True",5,"4"
"924","060515-01","target",12,"bus","negative","True",5,"4"
"925","060515-01","target",10,"bowl","negative","True",5,"4"
"926","060515-02","none",3,"banana","negative","False",1,"3"
"927","060515-02","none",2,"truck","negative","False",5,"3"
"928","060515-02","none",7,"plate","negative","True",3,"3"
"929","060515-02","none",1,"spoon","positive","True",5,"3"
"930","060515-02","none",6,"bowl","positive","True",4,"3"
"931","060515-02","none",4,"horse","negative","True",3,"3"
"932","060515-02","none",5,"bus","positive","True",4,"3"
"933","060515-02","none",8,"fork","negative","True",1,"3"
"934","060515-04","none",3,"bus","negative","False",1,"3"
"935","060515-04","none",1,"orange","positive","False",1,"3"
"936","060515-04","none",2,"cookie","positive","True",5,"3"
"937","060515-04","none",5,"cow","negative","True",5,"3"
"938","060515-04","none",7,"boat","positive","True",5,"3"
"939","060515-04","none",4,"bowl","negative","True",5,"3"
"940","060515-04","none",9,"banana","negative","True",5,"3"
"941","060515-04","none",6,"horse","negative","True",5,"3"
"942","060515-04","none",8,"plate","negative","True",5,"3"
"943","060515-07","none",6,"cookie","negative","False",1,"3"
"944","060515-07","none",4,"horse","positive","False",3,"3"
"945","060515-07","none",5,"cow","positive","False",4,"3"
"946","060515-07","none",1,"bus","positive","True",5,"3"
"947","060515-07","none",2,"truck","positive","True",1,"3"
"948","060515-07","none",3,"plate","positive","True",2,"3"
"949","060515-07","none",7,"spoon","negative","True",1,"3"
"950","060515-08","target",10,"dog","negative","True",5,"4"
"951","060515-08","target",11,"banana","negative","True",5,"4"
"952","060515-08","target",12,"spoon","positive","True",5,"4"
"953","060515-08","target",1,"cow","negative","True",5,"4"
"954","060515-08","target",2,"orange","negative","True",5,"4"
"955","060515-08","target",3,"cookie","positive","True",5,"4"
"956","060515-08","target",4,"bus","positive","False",1,"4"
"957","060515-08","target",5,"bowl","negative","True",5,"4"
"958","060515-08","target",6,"apple","negative","False",1,"4"
"959","060515-08","target",7,"car","negative","True",1,"4"
"960","060515-08","target",8,"boat","negative","True",5,"4"
"961","060515-08","target",9,"fork","positive","False",1,"4"
"962","060515-08","target",13,"horse","negative","True",5,"4"
"963","060515-08","target",14,"plate","positive","True",5,"4"
"964","060515-08","target",15,"cat","positive","True",5,"4"
"965","060515-08","target",16,"truck","negative","False",1,"4"
"966","060815-01","target",7,"dog","negative","True",1,"4"
"967","060815-01","target",8,"spoon","positive","False",1,"4"
"968","060815-01","target",9,"cow","negative","True",1,"4"
"969","060815-01","target",10,"bowl","negative","True",1,"4"
"970","060815-01","target",15,"truck","negative","True",1,"4"
"971","060815-01","target",16,"bus","negative","True",1,"4"
"972","060815-01","target",3,"horse","positive","False",1,"4"
"973","060815-01","target",4,"boat","positive","True",5,"4"
"974","060815-01","target",5,"cat","negative","True",1,"4"
"975","060815-01","target",6,"cookie","positive","True",5,"4"
"976","060815-01","target",13,"car","positive","True",5,"4"
"977","060815-01","target",12,"orange","negative","False",1,"4"
"978","060815-01","target",14,"apple","negative","True",1,"4"
"979","060815-01","target",11,"fork","negative","True",1,"4"
"980","060815-01","target",2,"plate","negative","False",1,"4"
"981","060815-01","target",1,"banana","positive","True",5,"4"
"982","060815-03","none",6,"bowl","positive","True",3,"3"
"983","060815-03","none",7,"spoon","negative","True",5,"3"
"984","060815-03","none",5,"orange","positive","True",4,"3"
"985","060815-03","none",1,"apple","negative","True",3,"3"
"986","060815-03","none",2,"boat","negative","True",3,"3"
"987","060815-03","none",3,"cow","positive","True",5,"3"
"988","060815-03","none",4,"plate","positive","False",2,"3"
"989","060815-03","none",9,"fork","negative","True",1,"3"
"990","060815-03","none",10,"cookie","negative","True",5,"3"
"991","060815-03","none",11,"dog","negative","False",4,"3"
"992","060815-03","none",8,"bus","negative","True",5,"3"
"993","060815-03","none",12,"banana","positive","True",5,"3"
"994","060815-04","none",6,"boat","negative","True",1,"3"
"995","060815-04","none",7,"cookie","negative","True",1,"3"
"996","060815-04","none",8,"banana","negative","False",5,"3"
"997","060815-04","none",1,"bowl","positive","True",5,"3"
"998","060815-04","none",2,"cat","negative","True",1,"3"
"999","060815-04","none",3,"plate","positive","True",5,"3"
"1000","060815-04","none",4,"apple","positive","False",1,"3"
"1001","060815-04","none",5,"car","positive","True",5,"3"
"1002","060815-04","none",9,"truck","positive","True",5,"3"
"1003","060815-04","none",10,"fork","negative","False",5,"3"
"1004","060815-04","none",11,"orange","negative","True",1,"3"
"1005","060815-04","none",12,"spoon","negative","True",1,"3"
"1006","060815-04","none",13,"horse","negative","True",1,"3"
"1007","060815-04","none",14,"cow","positive","False",1,"3"
"1008","060815-04","none",15,"dog","negative","True",1,"3"
"1009","060815-04","none",16,"bus","negative","True",1,"3"
"1010","060815-05","target",3,"cookie","negative","False",1,"3"
"1011","060815-05","target",4,"plate","positive","True",1,"3"
"1012","060815-05","target",5,"boat","positive","False",1,"3"
"1013","060815-05","target",6,"bus","negative","False",1,"3"
"1014","060815-05","target",15,"fork","positive","True",5,"3"
"1015","060815-05","target",16,"horse","negative","True",5,"3"
"1016","060815-05","target",8,"cow","negative","True",1,"3"
"1017","060815-05","target",9,"banana","negative","True",1,"3"
"1018","060815-05","target",10,"apple","negative","True",1,"3"
"1019","060815-05","target",7,"truck","negative","True",1,"3"
"1020","060815-05","target",12,"orange","negative","True",1,"3"
"1021","060815-05","target",13,"cat","positive","True",5,"3"
"1022","060815-05","target",14,"bowl","negative","True",5,"3"
"1023","060815-05","target",11,"dog","positive","True",1,"3"
"1024","060815-05","target",2,"car","negative","True",1,"3"
"1025","060815-05","target",1,"spoon","positive","False",1,"3"
"1026","061015-01","none",2,"horse","negative","True",5,"3"
"1027","061015-01","none",3,"car","negative","False",1,"3"
"1028","061015-01","none",1,"cat","positive","True",5,"3"
"1029","061015-01","none",14,"banana","positive","True",5,"3"
"1030","061015-01","none",15,"truck","negative","True",5,"3"
"1031","061015-01","none",16,"fork","negative","True",5,"3"
"1032","061015-01","none",4,"orange","negative","True",5,"3"
"1033","061015-01","none",5,"cookie","negative","True",5,"3"
"1034","061015-01","none",6,"bowl","negative","False",1,"3"
"1035","061015-01","none",7,"boat","positive","True",5,"3"
"1036","061015-01","none",8,"bus","negative","True",5,"3"
"1037","061015-01","none",9,"cow","positive","False",1,"3"
"1038","061015-01","none",10,"spoon","positive","True",5,"3"
"1039","061015-01","none",11,"dog","negative","True",5,"3"
"1040","061015-01","none",12,"plate","negative","True",5,"3"
"1041","061015-01","none",13,"apple","positive","False",1,"3"
"1042","061015-04","target",1,"truck","positive","True",5,"4"
"1043","061015-04","target",2,"apple","negative","True",5,"4"
"1044","061015-04","target",3,"car","negative","True",3,"4"
"1045","061015-04","target",4,"bowl","negative","True",4,"4"
"1046","061015-04","target",5,"fork","positive","True",5,"4"
"1047","061015-04","target",6,"orange","negative","False",5,"4"
"1048","061015-04","target",7,"cat","negative","True",5,"4"
"1049","061015-04","target",8,"boat","negative","True",2,"4"
"1050","061015-04","target",9,"cookie","negative","True",3,"4"
"1051","061015-04","target",10,"horse","negative","True",3,"4"
"1052","061015-04","target",11,"dog","positive","False",2,"4"
"1053","061015-04","target",12,"plate","positive","True",5,"4"
"1054","061015-04","target",13,"banana","negative","False",4,"4"
"1055","061015-04","target",14,"spoon","negative","True",3,"4"
"1056","061015-04","target",15,"bus","positive","True",2,"4"
"1057","061015-04","target",16,"cow","positive","False",5,"4"
"1058","061015-05","none",1,"spoon","negative","True",4,"3"
"1059","061015-05","none",2,"plate","negative","True",5,"3"
"1060","061015-05","none",3,"banana","negative","False",1,"3"
"1061","061015-05","none",4,"orange","negative","True",1,"3"
"1062","061015-05","none",5,"car","positive","True",5,"3"
"1063","061015-05","none",6,"cookie","negative","True",1,"3"
"1064","061015-05","none",7,"horse","positive","False",5,"3"
"1065","061015-05","none",8,"truck","positive","True",5,"3"
"1066","061015-05","none",9,"cow","positive","True",5,"3"
"1067","061015-05","none",10,"apple","positive","True",5,"3"
"1068","061015-05","none",11,"fork","negative","True",5,"3"
"1069","061015-05","none",12,"bowl","negative","True",5,"3"
"1070","061015-05","none",13,"boat","negative","True",5,"3"
"1071","061015-05","none",14,"cat","negative","True",5,"3"
"1072","061015-05","none",15,"bus","negative","False",5,"3"
"1073","061015-05","none",16,"dog","positive","False",5,"3"
"1074","061015-07","none",1,"dog","negative","True",1,"3"
"1075","061015-07","none",2,"orange","positive","True",5,"3"
"1076","061015-07","none",3,"plate","positive","False",1,"3"
"1077","061015-07","none",4,"bus","negative","True",1,"3"
"1078","061015-07","none",5,"boat","negative","True",1,"3"
"1079","061015-07","none",6,"cat","negative","True",1,"3"
"1080","061015-07","none",7,"cow","negative","True",1,"3"
"1081","061015-07","none",8,"banana","negative","True",1,"3"
"1082","061015-07","none",9,"truck","negative","False",1,"3"
"1083","061015-07","none",10,"bowl","positive","True",5,"3"
"1084","061015-07","none",11,"apple","negative","False",1,"3"
"1085","061015-07","none",12,"horse","positive","True",5,"3"
"1086","061015-07","none",13,"car","positive","True",5,"3"
"1087","061015-07","none",14,"fork","negative","True",1,"3"
"1088","061015-07","none",15,"spoon","positive","False",1,"3"
"1089","061015-07","none",16,"cookie","negative","True",1,"3"
"1090","061015-09","target",1,"cow","positive","True",4,"3"
"1091","061015-09","target",2,"banana","negative","True",5,"3"
"1092","061015-09","target",3,"cat","positive","False",1,"3"
"1093","061015-09","target",4,"boat","negative","True",4,"3"
"1094","061015-09","target",5,"car","positive","True",4,"3"
"1095","061015-09","target",6,"bowl","positive","True",4,"3"
"1096","061015-09","target",7,"plate","negative","False",5,"3"
"1097","061015-09","target",8,"dog","negative","True",1,"3"
"1098","061015-09","target",9,"cookie","negative","True",5,"3"
"1099","061015-09","target",10,"fork","negative","False",3,"3"
"1100","061015-09","target",11,"horse","positive","True",3,"3"
"1101","061015-09","target",12,"bus","negative","True",5,"3"
"1102","061015-09","target",13,"apple","negative","True",3,"3"
"1103","061015-09","target",14,"truck","negative","True",1,"3"
"1104","061015-09","target",15,"spoon","positive","False",1,"3"
"1105","061015-09","target",16,"orange","negative","True",2,"3"
"1106","061015-11","target",1,"cow","negative","True",5,"3"
"1107","061015-11","target",2,"truck","negative","True",5,"3"
"1108","061015-11","target",3,"bus","positive","False",1,"3"
"1109","061015-11","target",4,"car","negative","True",5,"3"
"1110","061015-11","target",5,"spoon","negative","True",5,"3"
"1111","061015-11","target",6,"apple","negative","True",5,"3"
"1112","061015-11","target",7,"fork","negative","False",1,"3"
"1113","061015-11","target",8,"banana","positive","False",1,"3"
"1114","061015-11","target",9,"dog","negative","True",5,"3"
"1115","061015-11","target",10,"orange","negative","True",5,"3"
"1116","061015-11","target",11,"cookie","positive","True",5,"3"
"1117","061015-11","target",12,"boat","positive","True",5,"3"
"1118","061015-11","target",13,"horse","negative","False",5,"3"
"1119","061015-11","target",14,"plate","positive","True",5,"3"
"1120","061015-11","target",15,"cat","positive","True",5,"3"
"1121","061015-11","target",16,"bowl","negative","True",5,"3"
"1122","061015-12","none",1,"horse","negative","True",1,"3"
"1123","061015-12","none",2,"truck","positive","False",1,"3"
"1124","061015-12","none",3,"bowl","negative","True",2,"3"
"1125","061015-12","none",4,"spoon","positive","False",1,"3"
"1126","061015-12","none",5,"fork","negative","True",2,"3"
"1127","061015-12","none",6,"cookie","negative","True",3,"3"
"1128","061015-12","none",7,"cat","negative","True",5,"3"
"1129","061015-12","none",8,"boat","positive","True",4,"3"
"1130","061015-12","none",9,"dog","negative","False",1,"3"
"1131","061015-12","none",10,"bus","negative","True",1,"3"
"1132","061015-12","none",11,"banana","positive","True",1,"3"
"1133","061015-12","none",12,"orange","negative","True",1,"3"
"1134","061015-12","none",14,"apple","negative","True",1,"3"
"1135","061015-12","none",15,"car","negative","False",3,"3"
"1136","061015-12","none",16,"cow","positive","True",1,"3"
"1137","061115-01","none",1,"spoon","negative","True",5,"3"
"1138","061115-01","none",2,"bowl","negative","True",1,"3"
"1139","061115-01","none",3,"boat","positive","True",4,"3"
"1140","061115-01","none",4,"cow","negative","False",2,"3"
"1141","061115-01","none",5,"apple","negative","True",5,"3"
"1142","061115-01","none",6,"banana","positive","True",1,"3"
"1143","061115-01","none",7,"cookie","negative","True",3,"3"
"1144","061115-01","none",8,"cat","positive","False",2,"3"
"1145","061115-01","none",9,"orange","negative","False",5,"3"
"1146","061115-01","none",10,"plate","positive","True",5,"3"
"1147","061115-01","none",11,"car","positive","True",1,"3"
"1148","061115-01","none",12,"bus","positive","False",2,"3"
"1149","061115-01","none",13,"fork","negative","True",4,"3"
"1150","061115-01","none",14,"dog","negative","True",2,"3"
"1151","061115-01","none",15,"truck","negative","True",4,"3"
"1152","061115-01","none",16,"horse","negative","True",1,"3"
"1153","061115-02","none",1,"spoon","negative","True",2,"3"
"1154","061115-02","none",2,"boat","positive","False",4,"3"
"1155","061115-02","none",3,"truck","positive","False",1,"3"
"1156","061115-02","none",4,"horse","negative","True",1,"3"
"1157","061115-02","none",5,"dog","positive","True",4,"3"
"1158","061115-02","none",6,"plate","negative","False",2,"3"
"1159","061115-02","none",7,"bowl","positive","True",3,"3"
"1160","061115-02","none",8,"cookie","positive","True",2,"3"
"1161","061115-02","none",9,"cat","negative","False",1,"3"
"1162","061115-02","none",10,"car","positive","True",5,"3"
"1163","061115-02","none",11,"cow","negative","True",4,"3"
"1164","061115-02","none",12,"bus","negative","True",1,"3"
"1165","061115-02","none",13,"fork","negative","True",2,"3"
"1166","061115-02","none",14,"banana","negative","True",2,"3"
"1167","061115-03","target",1,"apple","negative","True",3,"4"
"1168","061115-03","target",2,"cat","negative","True",1,"4"
"1169","061115-03","target",3,"boat","positive","True",5,"4"
"1170","061115-03","target",4,"horse","positive","False",3,"4"
"1171","061115-03","target",5,"fork","negative","True",5,"4"
"1172","061115-03","target",6,"bus","negative","True",3,"4"
"1173","061115-03","target",7,"spoon","negative","True",1,"4"
"1174","061115-03","target",8,"cow","negative","True",3,"4"
"1175","061115-03","target",9,"dog","negative","True",1,"4"
"1176","061115-03","target",10,"plate","negative","False",5,"4"
"1177","061115-03","target",11,"bowl","negative","False",5,"4"
"1178","061115-03","target",12,"cookie","positive","True",5,"4"
"1179","061115-03","target",13,"car","negative","True",3,"4"
"1180","061115-03","target",14,"truck","positive","True",5,"4"
"1181","061115-03","target",15,"banana","positive","True",5,"4"
"1182","061115-03","target",16,"orange","positive","False",1,"4"
"1183","061115-04","target",1,"cookie","negative","True",5,"3"
"1184","061115-04","target",2,"spoon","negative","True",4,"3"
"1185","061115-04","target",3,"bowl","negative","True",4,"3"
"1186","061115-04","target",4,"orange","negative","True",4,"3"
"1187","061115-04","target",5,"cat","negative","True",4,"3"
"1188","061115-04","target",6,"boat","negative","True",4,"3"
"1189","061115-04","target",7,"dog","positive","True",4,"3"
"1190","061115-04","target",8,"apple","positive","True",4,"3"
"1191","061115-04","target",9,"bus","positive","False",4,"3"
"1192","061115-04","target",10,"car","negative","True",4,"3"
"1193","061115-04","target",11,"horse","negative","False",4,"3"
"1194","061115-04","target",12,"plate","negative","False",5,"3"
"1195","061115-04","target",13,"truck","positive","True",4,"3"
"1196","061115-04","target",14,"fork","negative","True",3,"3"
"1197","061115-04","target",15,"banana","positive","True",5,"3"
"1198","061115-04","target",16,"cow","positive","False",4,"3"
"1199","061115-06","none",1,"cat","positive","True",4,"3"
"1200","061115-06","none",2,"fork","negative","True",2,"3"
"1201","061115-06","none",3,"plate","negative","True",4,"3"
"1202","061115-06","none",4,"banana","negative","True",4,"3"
"1203","061115-06","none",5,"car","negative","True",1,"3"
"1204","061115-06","none",6,"truck","negative","True",2,"3"
"1205","061115-06","none",7,"boat","negative","True",4,"3"
"1206","061115-06","none",8,"horse","negative","False",1,"3"
"1207","061115-06","none",9,"spoon","positive","False",4,"3"
"1208","061115-06","none",10,"apple","positive","True",4,"3"
"1209","061115-06","none",11,"cookie","negative","True",4,"3"
"1210","061115-06","none",12,"dog","negative","True",4,"3"
"1211","061115-06","none",13,"orange","negative","False",2,"3"
"1212","061115-06","none",14,"bus","positive","False",4,"3"
"1213","061115-06","none",15,"bowl","positive","True",4,"3"
"1214","061115-06","none",16,"cow","positive","True",5,"3"
